brand;model;four_g_network;EDGE;announced;weight_g;SIM;display;OS;CPU;memory_card;internal_memory;RAM;camera;loud_speaker;audio_jack;bluetooth;GPS;NFC;radio;baterry;approx_price_EUR
Acer;Acer Iconia Talk S;100;100;100;100;100;50;android;60;100;50;50;75;0;100;100;100;0;100;50;170
Acer;Acer Liquid Zest;100;100;100;0;0;25;android;60;100;25;0;50;0;100;100;100;0;100;25;110
Acer;Acer Liquid Z330;100;100;100;0;0;25;android;60;100;25;0;0;0;100;100;100;0;100;25;110
Acer;Acer Liquid Jade Z;100;100;100;0;100;25;android;60;100;25;0;75;0;100;100;100;0;100;25;200
Acer;Acer Liquid Z520;0;100;100;0;0;25;android;60;100;25;0;50;0;100;100;100;0;100;25;130
Acer;Acer Liquid Z500;0;100;0;0;0;25;android;60;100;25;0;50;100;100;100;100;0;100;25;150
Acer;Acer Liquid Jade;0;100;0;0;100;25;android;60;100;25;0;75;0;100;100;100;0;100;25;180
Acer;Acer Iconia Tab 7 A1-713;0;100;0;100;0;50;android;60;100;25;0;0;0;100;100;100;0;0;0;110
Acer;Acer Iconia Tab 7 A1-713HD;0;100;0;100;0;50;android;60;100;25;0;0;0;100;100;100;0;0;0;150
Acer;Acer Liquid Z5;0;100;0;0;100;25;android;40;100;25;0;0;0;100;100;100;0;100;25;170
Acer;Acer Liquid Z3;0;100;0;0;0;0;android;40;100;25;0;0;0;100;100;100;0;100;25;100
Acer;Acer Iconia Tab A1-811;0;100;0;100;0;50;android;60;100;25;0;0;0;100;100;100;0;0;75;150
Acer;Acer Liquid E2;0;100;0;0;0;25;android;60;100;25;0;50;100;100;100;100;0;100;25;180
Acer;Acer Liquid E1;0;100;0;0;0;25;android;40;100;25;0;0;100;100;100;100;100;100;25;170
Acer;Acer Liquid Gallant E350;0;100;0;0;0;25;android;20;100;25;0;0;0;100;100;100;0;100;25;160
Acer;Acer Iconia Tab A701;0;100;0;100;0;75;android;60;100;50;0;0;100;100;100;100;0;0;100;380
Acer;Acer Iconia Tab A511;0;100;0;100;0;75;android;60;100;50;0;0;100;100;100;100;0;0;100;250
Acer;Acer Iconia Tab A101;0;100;0;100;0;50;android;40;100;25;0;0;100;100;100;100;0;0;25;260
Acer;Acer beTouch E210;0;100;0;0;0;0;android;0;100;0;0;0;0;100;100;100;0;100;25;150
BlackBerry;BlackBerry Aurora;100;100;100;0;100;25;android;60;100;50;100;75;0;100;100;100;0;100;50;250
BlackBerry;BlackBerry KEYone;100;100;100;0;0;25;android;100;100;50;50;75;0;100;100;100;100;100;50;600
BlackBerry;BlackBerry Priv;100;100;100;100;0;25;android;80;100;50;50;100;0;100;100;100;100;0;50;450
HP;HP Pro Slate 12;0;100;100;100;0;100;android;60;100;50;50;50;100;100;100;100;100;0;0;490
HP;HP 7 VoiceTab;0;100;0;100;0;50;android;60;100;25;0;0;0;100;100;100;0;0;0;140
HP;HP Slate7 VoiceTab Ultra;100;100;0;100;0;50;android;60;100;25;50;75;100;100;100;100;0;0;75;400
HTC;HTC U11;100;100;100;0;0;25;android;100;100;75;100;75;100;0;100;100;100;0;50;750
HTC;HTC U Ultra;100;100;100;0;100;25;android;60;100;100;100;75;0;0;100;100;100;0;50;750
HTC;HTC Desire 650;100;100;100;0;0;25;android;60;100;25;50;75;0;100;100;100;100;100;25;200
HTC;HTC Desire 10 Pro;100;100;100;0;100;25;android;100;100;75;100;100;0;100;100;100;100;100;50;460
HTC;HTC Desire 728 Ultra;100;100;100;0;100;25;android;100;100;50;50;75;100;100;100;100;0;100;50;220
HTC;HTC One M9 Prime Camera;100;100;100;0;0;25;android;100;100;25;50;75;100;100;100;100;100;100;50;390
HTC;HTC 10 Lifestyle;100;100;100;0;0;25;android;100;100;50;50;75;100;100;100;100;100;0;50;420
HTC;HTC 10;100;100;100;0;0;25;android;60;100;75;100;75;100;100;100;100;100;0;50;500
HTC;HTC Desire 530;100;100;100;0;0;25;android;60;100;25;50;50;0;100;100;100;100;100;25;170
HTC;HTC One M9s;100;100;100;0;0;25;android;100;100;25;50;75;100;100;100;100;100;100;50;270
HTC;HTC Butterfly 3;100;100;100;0;0;25;android;100;100;50;50;100;100;100;100;100;100;0;50;300
HTC;HTC One A9;100;100;100;0;0;25;android;100;100;25;50;75;0;100;100;100;100;100;25;300
HTC;HTC Desire 526;100;100;100;0;0;25;android;60;100;25;50;50;0;100;100;100;0;100;25;110
HTC;HTC Desire 820G+ dual sim;0;100;100;100;100;25;android;100;100;25;0;75;100;100;100;100;0;100;50;180
HTC;HTC One M8s;100;100;100;0;0;25;android;100;100;50;50;75;100;100;100;100;100;100;50;330
HTC;HTC One E9+;100;100;100;0;100;25;android;100;100;50;50;100;100;100;100;100;100;100;50;320
HTC;HTC Desire 820s dual sim;100;100;100;0;100;25;android;100;100;25;50;75;100;100;100;100;0;100;50;370
HTC;HTC Desire 626;100;100;0;0;0;25;android;100;100;25;50;75;0;100;100;100;0;100;25;180
HTC;HTC Desire 620G dual sim;0;100;0;0;100;25;android;100;100;25;0;50;100;100;100;100;0;100;25;190
HTC;HTC Desire 620;100;100;0;0;0;25;android;60;100;25;0;50;100;100;100;100;0;100;25;180
HTC;HTC One (M8 Eye);100;100;0;0;0;25;android;60;100;25;50;75;100;100;100;100;0;100;50;260
HTC;HTC Desire 612;100;100;0;0;0;25;android;60;100;25;0;50;100;100;100;100;100;100;25;240
HTC;HTC Desire 820;100;100;0;0;0;25;android;100;100;25;50;75;100;100;100;100;100;100;50;340
HTC;HTC One (E8) CDMA;100;100;0;0;0;25;android;60;100;25;50;75;100;100;100;100;100;100;50;350
HTC;HTC One Remix;100;100;0;0;0;25;android;60;100;25;50;75;100;100;100;100;100;0;25;280
HTC;HTC One (E8);100;100;0;0;0;25;android;60;100;25;50;75;100;100;100;100;100;100;50;420
HTC;HTC One mini 2;100;100;0;0;0;25;android;60;100;25;0;75;100;100;100;100;100;100;25;250
HTC;HTC One (M8) CDMA;100;100;0;0;0;25;android;60;100;50;50;0;100;100;100;100;100;0;50;250
HTC;HTC Desire 310 dual sim;0;100;0;0;100;25;android;60;100;25;0;0;0;100;100;100;0;0;25;140
HTC;HTC Desire 816;100;100;0;0;0;25;android;60;100;25;50;75;100;100;100;100;100;100;50;250
HTC;HTC Desire 610;100;100;0;100;0;25;android;60;100;25;0;50;100;100;100;100;100;100;25;200
HTC;HTC Desire 700 dual sim;0;100;0;0;100;25;android;60;100;25;0;50;100;100;100;100;0;100;25;250
HTC;HTC Desire 501;0;100;0;0;0;25;android;40;100;25;0;50;0;100;100;100;100;100;25;240
HTC;HTC Desire 601;100;100;0;0;0;25;android;40;100;25;0;0;100;100;100;100;0;100;25;230
HTC;HTC Desire 500;0;100;0;0;0;25;android;60;100;25;0;50;0;100;100;100;0;100;25;180
HTC;HTC Butterfly S;100;100;0;0;0;25;android;60;100;25;50;0;100;100;100;100;100;100;50;300
HTC;HTC Desire 600 dual sim;0;100;0;0;100;25;android;60;100;25;0;50;100;100;100;100;100;100;25;290
HTC;HTC One;100;100;0;0;0;25;android;60;0;75;50;0;100;100;100;100;100;100;25;270
HTC;HTC Desire U;0;100;0;0;100;25;android;20;100;25;0;0;0;100;100;0;100;0;25;150
HTC;HTC DROID DNA;100;100;0;100;0;25;android;60;0;25;50;50;0;100;100;100;100;0;25;280
HTC;HTC One SV;100;100;0;0;0;25;android;40;100;25;0;0;0;100;100;100;100;100;25;200
HTC;HTC One X+;100;100;0;0;0;25;android;60;0;75;0;50;0;100;100;100;100;100;25;220
HTC;HTC One ST;0;100;0;0;0;25;android;40;100;25;0;0;0;100;100;100;0;0;25;200
HTC;HTC Desire X;0;100;0;0;0;25;android;40;100;25;0;0;0;100;100;100;0;100;25;190
HTC;HTC Desire VC;0;0;0;0;100;25;android;20;100;25;0;0;0;100;100;100;0;100;25;150
HTC;HTC Desire V;0;100;0;0;100;25;android;20;100;25;0;0;0;100;100;100;0;100;25;160
HTC;HTC DROID Incredible 4G LTE;100;0;0;0;0;25;android;40;100;25;0;50;0;100;100;100;100;0;25;270
HTC;HTC One XC;0;0;0;100;0;25;android;40;0;25;0;50;0;100;100;100;0;100;25;200
HTC;HTC One XL;100;100;0;0;0;25;android;40;0;50;0;50;0;100;100;100;100;100;25;180
HTC;HTC One S C2;0;100;0;100;0;25;android;40;0;25;0;50;0;100;100;100;0;100;25;180
HTC;HTC One V;0;100;0;0;0;0;android;20;100;25;0;0;0;100;100;100;0;100;25;130
HTC;HTC Rezound;100;0;0;100;0;25;android;40;100;25;0;50;0;100;100;100;0;0;25;160
HTC;HTC Sensation XL;0;100;0;100;0;25;android;20;0;25;0;50;0;100;100;100;0;100;25;170
HTC;HTC Amaze 4G;0;100;0;100;0;25;android;40;100;25;0;50;0;100;100;100;100;100;25;180
HTC;HTC Hero S;0;0;0;0;0;25;android;20;100;25;0;0;0;100;100;100;0;0;25;160
HTC;HTC Sensation XE;0;100;0;0;0;25;android;40;100;25;0;50;0;100;100;100;0;100;25;140
HTC;HTC Panache;0;100;0;0;0;0;android;20;100;25;0;0;0;100;100;100;0;100;25;200
HTC;HTC EVO 3D;0;100;0;0;0;25;android;40;100;0;0;0;0;100;100;100;0;100;25;150
HTC;HTC EVO 3D CDMA;0;0;0;100;0;25;android;40;100;25;0;0;0;100;100;100;0;100;25;220
HTC;HTC Incredible S;0;100;0;100;0;25;android;20;100;0;0;50;0;100;100;100;0;100;25;190
HTC;HTC Desire S;0;100;0;0;0;0;android;20;100;0;0;0;0;100;100;100;0;100;25;100
HTC;HTC Flyer;0;100;0;100;0;50;android;20;100;50;0;0;0;100;100;100;0;0;50;300
HTC;HTC Inspire 4G;0;100;0;100;0;25;android;20;100;25;0;50;0;100;100;100;0;100;25;120
HTC;HTC Gratia;0;100;0;0;0;0;android;0;100;0;0;0;0;100;100;100;0;100;25;120
HTC;HTC Desire HD;0;100;0;0;0;25;android;20;100;0;0;50;0;100;100;100;0;100;25;150
HTC;HTC Evo 4G+;0;100;0;0;0;25;android;40;100;25;0;50;0;100;100;100;0;100;25;150
HTC;HTC Desire;0;100;0;0;0;0;android;20;100;0;0;0;0;100;100;100;0;100;25;140
Huawei;Huawei Honor 9;100;100;100;0;100;25;android;100;100;75;100;100;0;100;100;100;100;0;50;500
Huawei;Huawei MediaPad M3 Lite 8;100;100;100;100;0;75;android;100;100;50;100;50;0;100;100;100;0;0;75;300
Huawei;Huawei nova 2;100;100;100;0;100;25;android;100;100;75;100;75;0;100;100;100;0;0;50;330
Huawei;Huawei MediaPad T3 8.0;100;100;100;100;0;75;android;60;0;25;50;0;0;100;100;100;0;100;75;220
Huawei;Huawei Y6 (2017);100;100;100;0;100;25;android;60;100;25;50;75;0;100;100;100;0;100;50;150
Huawei;Huawei Honor 8 Pro;100;100;100;0;100;25;android;100;100;75;100;75;0;100;100;100;100;0;50;550
Huawei;Huawei P10 Lite;100;100;100;0;0;25;android;100;100;50;100;75;0;100;100;100;100;100;50;280
Huawei;Huawei P8 Lite (2017);100;100;100;0;100;25;android;100;100;25;50;75;0;100;100;100;100;100;50;200
Huawei;Huawei Mate 9 Pro;100;100;100;0;0;25;android;100;0;75;100;100;100;100;100;100;100;0;50;850
Huawei;Huawei Mate 9;100;100;100;0;0;25;android;100;100;75;100;100;100;100;100;100;100;0;50;630
Huawei;Huawei Honor Pad 2;100;100;100;100;0;75;android;100;100;50;50;50;0;100;100;100;0;0;75;230
Huawei;Huawei Honor 6X;100;100;100;0;100;25;android;100;100;50;100;75;0;100;100;100;0;100;50;210
Huawei;Huawei nova;100;100;100;0;0;25;android;100;100;50;50;75;0;100;100;100;100;100;50;300
Huawei;Huawei MediaPad T2 7.0 Pro;100;100;100;100;100;50;android;100;100;25;50;75;0;100;100;100;0;0;50;230
Huawei;Huawei Honor Note 8;100;100;100;100;100;50;android;100;100;75;100;75;0;100;100;100;0;100;50;440
Huawei;Huawei Honor 8;100;100;100;0;0;25;android;100;100;75;100;75;0;100;100;100;100;0;50;340
Huawei;Huawei Honor 5c;100;100;100;0;100;25;android;100;100;25;50;75;0;100;100;100;0;100;50;170
Huawei;Huawei P9 lite;100;100;100;0;100;25;android;100;100;25;50;75;0;100;100;100;100;100;50;250
Huawei;Huawei Honor Holly 2 Plus;100;100;100;0;100;25;android;60;100;25;50;75;0;100;100;100;0;100;50;140
Huawei;Huawei MediaPad M2 10.0;100;100;100;100;0;75;android;100;100;25;50;75;100;100;100;100;0;0;75;310
Huawei;Huawei G7 Plus;100;100;100;0;100;25;android;100;100;50;50;75;0;100;100;100;0;100;50;280
Huawei;Huawei Y6 Pro;100;100;100;0;100;25;android;60;100;25;50;75;0;100;100;100;0;100;50;190
Huawei;Huawei Honor 7i;100;100;100;0;100;25;android;100;100;50;50;75;0;100;100;100;100;100;50;310
Huawei;Huawei Honor 7;100;100;100;0;0;25;android;100;100;75;50;100;0;100;100;100;0;100;50;300
Huawei;Huawei Y625;0;100;100;0;100;25;android;60;100;25;0;50;0;100;100;100;0;100;25;130
Huawei;Huawei P8lite ALE-L04;100;100;100;0;100;25;android;100;100;25;50;75;0;100;100;100;0;100;25;230
Huawei;Huawei P8;100;100;100;0;100;25;android;100;100;75;50;75;0;100;100;100;100;100;50;270
Huawei;Huawei SnapTo;100;100;100;0;0;25;android;60;100;25;0;0;0;100;100;100;0;100;25;170
Huawei;Huawei Ascend Y221;0;100;0;0;0;0;android;40;100;25;0;0;0;100;100;0;0;100;25;130
Huawei;Huawei Honor 6 Plus;100;100;0;0;100;25;android;100;100;25;50;50;0;100;100;100;100;100;50;320
Huawei;Huawei Honor Holly;0;100;0;0;100;25;android;60;100;25;0;50;0;100;100;100;0;100;25;100
Huawei;Huawei MediaPad T1 10;100;100;100;100;0;75;android;60;100;25;0;0;0;100;100;100;0;100;75;180
Huawei;Huawei Ascend G620s;100;100;0;0;0;25;android;60;100;25;0;50;0;100;100;100;100;100;25;180
Huawei;Huawei Ascend G7;100;100;0;0;0;25;android;60;100;25;50;75;0;100;100;100;100;100;50;260
Huawei;Huawei Honor 6;100;100;0;0;0;25;android;100;100;50;50;75;0;100;100;100;100;100;50;290
Huawei;Huawei Honor 3X Pro;0;100;0;0;100;25;android;100;100;50;50;75;0;100;100;100;0;100;50;200
Huawei;Huawei Ascend G630;0;100;0;0;0;25;android;60;100;25;0;50;0;100;100;100;100;100;25;170
Huawei;Huawei Ascend P7 mini;100;100;0;0;0;25;android;60;100;25;0;50;0;100;100;100;100;100;25;180
Huawei;Huawei MediaPad 10 Link+;100;100;0;100;0;75;android;60;100;25;0;0;100;100;100;100;0;0;75;350
Huawei;Huawei Ascend G6 4G;100;100;0;0;0;25;android;60;100;25;0;50;0;100;100;100;100;100;25;240
Huawei;Huawei MediaPad X1;100;100;0;100;0;50;android;60;100;25;50;75;0;100;100;100;0;0;75;350
Huawei;Huawei MediaPad 7 Youth2;0;100;0;100;0;50;android;60;100;25;0;0;0;100;100;100;0;0;50;160
Huawei;Huawei Ascend Y320;0;100;0;0;0;25;android;40;100;25;0;0;0;100;100;100;0;100;25;100
Huawei;Huawei Honor 3X G750;0;100;0;0;100;25;android;100;100;25;50;75;0;100;100;100;0;100;50;250
Huawei;Huawei Ascend Y511;0;100;0;0;100;25;android;40;100;25;0;0;0;100;100;100;0;100;25;110
Huawei;Huawei Honor 3;0;100;0;0;0;25;android;60;100;25;50;75;0;100;100;100;0;100;25;230
Huawei;Huawei Ascend G525;0;100;0;0;100;25;android;60;100;25;0;0;0;100;100;100;0;100;25;160
Huawei;Huawei MediaPad 7 Youth;0;100;0;100;0;50;android;40;100;25;0;0;0;100;100;100;0;0;50;150
Huawei;Huawei Premia 4G M931;100;0;0;0;0;25;android;40;100;25;0;0;0;100;100;100;0;0;25;120
Huawei;Huawei Ascend G615;0;100;0;0;0;25;android;60;100;25;0;50;100;100;100;100;0;0;25;250
Huawei;Huawei Ascend G312;0;100;0;0;0;25;android;20;100;25;0;0;0;100;100;100;0;100;25;180
Huawei;Huawei Ascend G510;0;100;0;0;0;25;android;40;100;25;0;0;0;100;100;100;100;100;25;100
Huawei;Huawei Ascend Y201 Pro;0;100;0;0;0;0;android;0;100;25;0;0;0;100;100;100;0;100;25;110
Huawei;Huawei Summit;0;100;0;0;0;0;android;0;100;0;0;0;0;100;100;100;0;0;25;100
Huawei;Huawei Ascend P1 LTE;100;100;0;0;0;25;android;40;100;25;0;50;0;100;100;100;0;100;25;150
Huawei;Huawei MediaPad 7 Lite;0;100;0;100;0;50;android;20;100;25;0;0;0;100;100;100;0;0;50;150
Huawei;Huawei Ascend G330D U8825D;0;100;0;0;100;25;android;40;100;25;0;0;0;100;100;100;0;100;25;110
Huawei;Huawei Activa 4G;100;0;0;0;0;0;android;0;100;0;0;0;0;100;100;100;0;0;25;110
Huawei;Huawei MediaPad 10 FHD;100;100;0;100;0;75;android;60;100;25;50;50;100;100;100;100;0;0;75;330
Huawei;Huawei Ascend D quad XL;0;100;0;0;0;25;android;60;100;25;0;50;0;100;100;100;0;100;50;260
Huawei;Huawei Ascend P1s;0;100;0;0;0;25;android;40;100;25;0;50;0;100;100;100;0;100;25;260
Huawei;Huawei U8520 Duplex;0;100;0;0;100;0;android;0;100;0;0;0;0;100;100;100;0;100;25;110
Huawei;Huawei U8860 Honor;0;100;0;0;0;25;android;20;100;25;0;50;0;100;100;100;0;100;25;130
Huawei;Huawei U8800 IDEOS X5;0;100;0;0;0;0;android;0;100;25;0;0;0;100;100;100;0;0;25;100
Lenovo;Lenovo Tab 4 10 Plus;100;100;100;100;0;75;android;100;100;25;100;50;100;100;100;100;0;100;75;240
Lenovo;Lenovo Tab 4 8;100;100;100;100;0;75;android;60;100;50;50;0;100;100;100;100;0;100;75;100
Lenovo;Lenovo Tab3 8 Plus;100;100;100;100;0;75;android;100;100;25;50;50;100;100;100;100;0;0;50;170
Lenovo;Lenovo A6600;100;100;100;0;100;25;android;60;100;25;0;50;0;100;100;100;0;100;25;110
Lenovo;Lenovo K6 Note;100;100;100;0;0;25;android;100;100;50;100;100;0;100;100;100;0;100;50;250
Lenovo;Lenovo Yoga Tab 3 Plus;100;100;100;100;0;75;android;100;100;50;50;75;100;100;100;100;0;0;100;300
Lenovo;Lenovo C2 Power;100;100;100;100;100;25;android;60;100;25;50;50;0;100;100;100;0;100;50;170
Lenovo;Lenovo Phab2;100;100;100;100;100;50;android;60;100;50;50;75;0;100;100;100;0;100;50;230
Lenovo;Lenovo ZUK Z2;100;100;100;0;100;25;android;60;0;75;100;75;0;100;100;100;0;0;50;220
Lenovo;Lenovo Tab3 8;100;100;100;100;0;75;android;60;100;25;50;0;100;100;100;100;0;100;50;120
Lenovo;Lenovo Vibe K5 Plus;100;100;100;0;100;25;android;100;100;25;50;75;0;100;100;100;0;100;50;140
Lenovo;Lenovo Vibe P1 Turbo;100;100;100;0;100;25;android;100;100;50;50;75;0;100;100;100;100;100;75;260
Lenovo;Lenovo Lemon 3;100;100;100;0;100;25;android;100;100;25;50;75;100;100;100;100;0;100;50;110
Lenovo;Lenovo Vibe X3;100;100;100;0;100;25;android;80;100;75;50;100;100;100;100;100;100;100;50;300
Lenovo;Lenovo A3690;100;100;100;0;100;25;android;60;100;25;0;50;0;100;100;100;0;100;25;110
Lenovo;Lenovo Phab Plus;100;100;100;100;100;50;android;100;100;50;50;75;0;100;100;100;0;100;50;250
Lenovo;Lenovo A6010 Plus;100;100;100;0;100;25;android;60;100;25;50;75;100;100;100;100;0;100;25;160
Lenovo;Lenovo Vibe S1;100;100;100;0;100;25;android;100;100;50;50;75;0;100;100;100;0;100;25;270
Lenovo;Lenovo ZUK Z1;100;100;100;0;100;25;android;60;0;75;50;75;0;100;100;100;0;0;50;320
Lenovo;Lenovo A6000 Plus;100;100;100;0;100;25;android;60;100;25;50;50;100;100;100;100;0;100;25;110
Lenovo;Lenovo Vibe Shot;100;100;100;0;100;25;android;100;100;50;50;100;0;100;100;100;0;100;50;300
Lenovo;Lenovo A5000;0;100;100;0;100;25;android;60;100;25;0;50;0;100;100;100;0;100;50;150
Lenovo;Lenovo Tab 2 A10-70;100;100;100;100;0;75;android;60;100;25;50;50;100;100;100;100;0;100;75;180
Lenovo;Lenovo Tab 2 A7-30;0;100;100;100;0;50;android;60;100;25;0;0;0;100;100;100;0;100;50;110
Lenovo;Lenovo P90;100;100;100;0;0;25;android;60;0;50;50;75;0;100;100;100;0;100;50;450
Lenovo;Lenovo A916;100;100;0;0;100;25;android;100;100;25;0;75;0;100;100;100;0;100;25;160
Lenovo;Lenovo S856;100;100;0;0;100;25;android;60;100;25;0;50;0;100;100;100;0;100;25;210
Lenovo;Lenovo A606;100;100;0;0;0;25;android;60;100;25;0;50;0;100;100;100;0;100;25;120
Lenovo;Lenovo Yoga Tablet 2 10.1;100;100;0;100;0;75;android;60;100;25;50;50;100;100;100;100;0;0;100;300
Lenovo;Lenovo Vibe X2;100;100;0;0;0;25;android;100;0;50;50;75;0;100;100;100;0;100;25;270
Lenovo;Lenovo Vibe Z2;100;100;0;0;100;25;android;60;0;50;50;75;0;100;100;100;0;100;50;430
Lenovo;Lenovo Golden Warrior A8;100;100;0;0;0;25;android;100;100;25;50;75;0;100;100;100;0;100;25;150
Lenovo;Lenovo S939;0;100;0;100;100;50;android;100;100;25;0;50;0;100;100;100;0;100;50;180
Lenovo;Lenovo A680;0;100;0;0;100;25;android;60;100;25;0;0;0;100;100;100;0;100;25;110
Lenovo;Lenovo A536;0;100;0;0;100;25;android;60;100;25;0;0;0;100;100;100;0;100;25;100
Lenovo;Lenovo A7-50 A3500;0;100;0;100;0;50;android;60;100;25;0;0;0;100;100;100;0;100;50;120
Lenovo;Lenovo S860;0;100;0;0;100;25;android;60;0;25;50;50;0;100;100;100;0;100;50;250
Lenovo;Lenovo A880;0;100;0;100;100;50;android;60;100;25;0;0;0;100;100;100;0;100;25;130
Lenovo;Lenovo A859;0;100;0;100;100;25;android;60;100;25;0;50;0;100;100;100;0;100;25;140
Lenovo;Lenovo Vibe Z K910;100;100;0;100;0;25;android;60;0;25;50;75;0;100;100;100;0;100;50;480
Lenovo;Lenovo Yoga Tablet 8;0;100;0;100;0;75;android;60;100;50;0;0;100;100;100;100;0;0;75;190
Lenovo;Lenovo S5000;0;100;0;100;0;50;android;60;0;25;0;0;0;100;100;100;0;0;50;130
Lenovo;Lenovo A850;0;100;0;0;100;25;android;60;100;25;0;0;0;100;100;100;0;100;25;150
Lenovo;Lenovo S820;0;100;0;0;100;25;android;60;100;25;0;75;0;100;100;100;0;100;25;230
Lenovo;Lenovo IdeaTab S6000H;0;100;0;100;0;75;android;60;100;50;0;0;100;100;100;100;0;0;75;300
Lenovo;Lenovo S890;0;100;0;0;100;25;android;40;100;25;0;50;0;100;100;100;0;100;25;230
Lenovo;Lenovo IdeaTab A2107;0;100;0;100;0;50;android;20;100;25;0;0;0;100;100;100;0;0;50;150
Lenovo;Lenovo A800;0;100;0;0;100;25;android;40;100;25;0;0;0;100;100;100;0;100;25;120
Lenovo;Lenovo S720;0;100;0;0;100;25;android;40;100;25;0;50;0;100;100;100;0;100;25;230
Lenovo;Lenovo S880;0;100;0;100;100;25;android;20;100;25;0;0;0;100;100;100;0;100;25;280
Lenovo;Lenovo A660;0;100;0;0;0;25;android;40;100;25;0;0;0;100;100;100;0;0;25;190
Lenovo;Lenovo LePhone S2;0;100;0;0;0;0;android;40;0;25;0;50;0;100;100;100;0;0;25;370
LG;LG X venture;100;100;100;100;0;25;android;100;100;50;50;100;0;100;100;100;100;100;50;400
LG;LG Stylus 3;100;100;100;0;0;25;android;100;100;25;50;75;0;100;100;100;100;100;50;200
LG;LG K20 plus;100;100;100;0;0;25;android;60;100;25;50;75;0;100;100;100;0;0;50;160
LG;LG K4 (2017);100;100;100;0;0;25;android;60;100;25;0;0;0;100;100;100;0;100;25;120
LG;LG G Pad III 10.1 FHD;100;100;100;100;0;75;android;100;100;50;50;0;0;100;100;100;0;0;75;340
LG;LG X5;100;100;100;0;0;25;android;60;100;25;50;75;0;100;100;100;100;100;50;160
LG;LG X mach;100;100;100;0;0;25;android;80;100;50;50;75;0;100;100;100;100;100;50;480
LG;LG X style;100;100;100;0;0;25;android;60;100;25;50;50;0;100;100;100;0;100;25;200
LG;LG Stylo 2;100;100;100;100;0;25;android;60;100;25;50;75;0;100;100;100;0;0;50;150
LG;LG G5 SE;100;100;100;0;0;25;android;100;100;50;50;100;0;100;100;100;100;100;50;350
LG;LG G5;100;100;100;0;0;25;android;60;100;50;100;100;0;100;100;100;100;100;50;450
LG;LG K8;100;100;100;0;0;25;android;60;100;25;50;50;0;100;100;100;100;100;25;150
LG;LG K10;100;100;100;0;0;25;android;60;100;25;0;75;0;100;100;100;100;100;25;170
LG;LG Ray;0;100;100;0;0;25;android;100;100;25;0;75;0;100;100;100;0;100;50;190
LG;LG G Vista 2;100;100;100;100;0;25;android;100;100;25;50;75;0;100;100;100;100;0;50;190
LG;LG Zero;100;100;100;0;0;25;android;60;100;25;50;75;0;100;100;100;100;100;25;190
LG;LG G Pad II 8.0 LTE;100;100;100;100;0;75;android;60;100;50;50;0;0;100;100;100;0;0;50;300
LG;LG G4 Beat;100;100;100;0;0;25;android;100;100;25;50;50;0;100;100;100;100;100;25;160
LG;LG G4c;100;100;100;0;0;25;android;60;100;25;0;50;0;100;100;100;100;100;50;150
LG;LG G Stylo;100;100;100;100;0;25;android;60;100;25;0;50;0;100;100;100;100;100;50;180
LG;LG AKA;100;100;100;0;0;25;android;60;100;25;50;50;0;100;100;100;100;0;50;220
LG;LG Leon;100;100;100;0;0;25;android;60;100;25;0;0;0;100;100;100;0;100;25;120
LG;LG G Flex2;100;100;100;0;0;25;android;100;100;25;50;75;0;100;100;100;100;100;50;270
LG;LG G3 Screen;100;100;0;0;0;25;android;100;100;50;50;75;0;100;100;100;100;100;50;250
LG;LG G3 Stylus;0;100;0;0;100;25;android;60;100;25;0;75;0;100;100;100;0;100;50;240
LG;LG G Pad 8.0 LTE;100;100;0;100;0;75;android;60;100;50;0;0;0;100;100;100;0;0;50;240
LG;LG G Vista;100;100;0;0;0;25;android;60;100;25;50;50;0;100;100;100;100;0;50;270
LG;LG L50;0;100;0;0;0;25;android;40;100;25;0;0;0;100;100;100;100;100;25;100
LG;LG G3 LTE-A;100;100;0;0;0;25;android;60;100;50;50;75;0;100;100;100;100;0;50;330
LG;LG G3 (CDMA);100;100;0;100;0;25;android;60;100;50;50;75;0;100;100;100;100;100;50;300
LG;LG G3;100;100;0;0;0;25;android;60;100;25;50;75;0;100;100;100;100;100;50;300
LG;LG L80;0;100;0;0;0;25;android;40;100;25;0;50;0;100;100;100;0;100;50;150
LG;LG L65 Dual D285;0;100;0;0;100;25;android;40;100;25;0;0;0;100;100;100;0;100;25;150
LG;LG G2 mini LTE (Tegra);100;100;0;0;0;25;android;60;100;25;0;75;0;100;100;100;100;100;25;240
LG;LG G2 mini LTE;100;100;0;0;0;25;android;60;100;25;0;50;0;100;100;100;100;100;25;180
LG;LG L90 D405;0;100;0;0;0;25;android;60;100;25;0;0;0;100;100;100;100;100;50;170
LG;LG L70 Dual D325;0;100;0;100;100;25;android;40;100;25;0;0;0;100;100;100;0;100;25;130
LG;LG GX F310L;100;100;0;0;0;25;android;60;100;50;50;75;0;100;100;100;100;100;50;250
LG;LG Nexus 5;100;100;0;0;0;25;android;60;0;50;50;50;0;100;100;100;100;0;25;260
LG;LG G Pro Lite Dual;0;100;0;0;100;25;android;40;100;25;0;50;100;100;100;100;0;100;50;240
LG;LG Optimus L9 II;0;100;0;0;0;25;android;40;100;25;0;50;0;100;100;100;100;100;25;250
LG;LG Optimus L4 II Dual E445;0;100;0;0;100;0;android;20;100;25;0;0;0;100;100;100;0;100;25;110
LG;LG Optimus L4 II E440;0;100;0;0;0;0;android;20;100;25;0;0;0;100;100;100;0;100;25;110
LG;LG Optimus F7;100;100;0;100;0;25;android;40;100;25;0;50;0;100;100;100;0;100;50;150
LG;LG Optimus F5;100;100;0;0;0;25;android;40;100;25;0;0;0;100;100;100;100;0;25;220
LG;LG Optimus L7 II P710;0;100;0;0;0;25;android;40;100;25;0;50;0;100;100;100;100;100;25;180
LG;LG Optimus L5 II Dual E455;0;100;0;0;100;25;android;20;100;25;0;0;0;100;100;100;0;100;25;120
LG;LG Spectrum II 4G VS930;100;100;0;0;0;25;android;40;100;25;0;50;0;100;100;100;100;0;25;170
LG;LG Optimus L9 P769;0;100;0;100;0;25;android;40;100;25;0;0;0;100;100;100;0;0;25;170
LG;LG Optimus G E975;100;100;0;0;0;25;android;60;0;50;50;75;0;100;100;100;100;100;25;160
LG;LG Intuition VS950;100;0;0;100;0;25;android;40;0;50;0;50;0;100;100;100;100;100;25;190
LG;LG Optimus L5 Dual E615;0;100;0;0;100;25;android;0;100;25;0;0;0;100;100;0;0;100;25;110
LG;LG Motion 4G MS770;100;0;0;0;0;0;android;40;100;25;0;0;0;100;100;100;0;0;25;110
LG;LG Optimus LTE2;100;0;0;0;0;25;android;40;100;25;50;50;0;100;100;100;100;0;25;210
LG;LG Optimus True HD LTE P936;100;100;0;0;0;25;android;40;100;25;0;50;0;100;100;100;0;0;25;220
LG;LG Optimus 4X HD P880;0;100;0;0;0;25;android;60;100;25;0;50;0;100;100;100;100;100;25;220
LG;LG Optimus 3D Cube SU870;0;100;0;0;0;25;android;40;100;25;0;0;0;100;100;100;100;0;25;210
LG;LG Optimus Vu F100S;100;0;0;0;0;25;android;40;0;50;0;50;0;100;100;100;100;100;25;240
LG;LG Connect 4G MS840;100;0;0;0;0;25;android;40;100;25;0;0;0;100;100;100;0;0;25;110
LG;LG Prada 3.0;0;100;0;0;0;25;android;40;100;25;0;50;0;100;100;100;100;100;25;210
LG;LG Optimus 4G LTE P935;100;100;0;0;0;25;android;40;100;0;0;50;0;100;100;100;0;0;25;220
LG;LG Optimus EX SU880;0;0;0;0;0;25;android;40;100;25;0;0;100;100;100;100;0;0;25;110
LG;LG Optimus Q2 LU6500;0;0;0;0;0;25;android;40;100;25;0;0;0;100;100;100;0;0;25;120
LG;LG Optimus Black (White version);0;100;0;0;0;25;android;20;100;0;0;0;0;100;100;100;0;100;25;140
LG;LG Optimus 3D P920;0;100;0;0;0;25;android;40;100;25;0;0;0;100;100;100;0;0;25;190
LG;LG Optimus 2X;0;100;0;0;0;25;android;40;100;25;0;50;0;100;100;100;0;100;25;150
Motorola;Motorola Moto E4;100;100;100;0;0;25;android;60;100;25;50;50;0;100;100;100;100;100;50;150
Motorola;Motorola Moto E4 (USA);100;100;100;0;0;25;android;60;100;25;50;50;0;100;100;100;0;100;50;130
Motorola;Motorola Moto C;100;100;100;0;0;25;android;60;100;25;0;0;0;100;100;100;0;100;25;100
Motorola;Motorola Moto G5;100;100;100;0;0;25;android;100;100;50;50;75;0;100;100;100;0;100;50;200
Motorola;Motorola Moto Z Play;100;100;100;0;0;25;android;100;100;50;50;100;0;100;100;100;100;0;50;350
Motorola;Motorola Moto E3;100;100;100;100;0;25;android;60;100;25;0;50;0;100;100;100;0;100;50;120
Motorola;Motorola Moto G4 Plus;100;100;100;0;0;25;android;100;100;25;50;100;0;100;100;100;0;100;50;230
Motorola;Motorola Moto G4 Play;100;100;100;0;0;25;android;60;100;25;50;50;0;100;100;100;100;100;50;140
Motorola;Motorola Droid Turbo 2;100;100;100;100;0;25;android;100;100;75;50;100;0;100;100;100;100;0;50;390
Motorola;Motorola Droid Maxx 2;100;100;100;0;0;25;android;100;100;25;50;100;0;100;100;100;100;100;50;330
Motorola;Motorola Moto X Play;100;100;100;0;0;25;android;100;100;50;50;100;0;100;100;100;100;100;50;240
Motorola;Motorola Moto G (3rd gen);100;100;100;0;0;25;android;60;100;25;0;75;0;100;100;100;0;100;25;170
Motorola;Motorola Moto G 4G (2nd gen);100;100;100;0;0;25;android;60;100;25;0;50;100;100;100;100;0;100;25;210
Motorola;Motorola Moto G 4G Dual SIM (2nd gen);100;100;100;0;100;25;android;60;100;25;0;50;100;100;100;100;0;100;25;240
Motorola;Motorola Nexus 6;100;100;0;0;0;25;android;60;0;75;50;75;100;100;100;100;100;0;50;420
Motorola;Motorola Moto G Dual SIM (2nd gen);0;100;0;0;100;25;android;60;100;25;0;50;100;100;100;100;0;100;25;200
Motorola;Motorola Luge;100;100;0;100;0;25;android;40;100;25;0;50;0;100;100;100;0;0;25;240
Motorola;Motorola Moto E;0;100;0;0;0;25;android;40;100;25;0;0;0;100;100;100;0;100;25;100
Motorola;Motorola Moto X;100;100;0;0;0;25;android;40;0;50;50;50;0;100;100;100;100;0;25;250
Motorola;Motorola DROID Maxx;100;100;0;0;0;25;android;40;0;50;50;50;0;100;100;100;100;0;50;220
Motorola;Motorola RAZR D1;0;100;0;0;0;0;android;20;100;25;0;0;0;100;100;100;0;100;25;150
Motorola;Motorola Electrify M XT905;100;0;0;100;0;25;android;40;100;25;0;50;0;100;100;100;100;0;25;250
Motorola;Motorola DROID RAZR HD;100;100;0;0;0;25;android;40;100;25;0;50;0;100;100;100;100;0;50;250
Motorola;Motorola DROID RAZR M;100;100;0;0;0;25;android;40;100;25;0;50;0;100;100;100;100;0;25;250
Motorola;Motorola Electrify 2 XT881;0;100;0;0;0;25;android;40;100;25;0;50;0;100;100;100;0;100;25;260
Motorola;Motorola Photon Q 4G LTE XT897;100;0;0;100;0;25;android;40;100;25;0;50;0;100;100;100;100;0;25;220
Motorola;Motorola ATRIX TV XT687;0;100;0;100;100;25;android;20;100;0;0;50;0;100;100;100;0;100;0;210
Motorola;Motorola Motosmart Me XT303;0;100;0;0;0;0;android;0;100;0;0;0;0;100;100;100;0;100;25;160
Motorola;Motorola Motosmart Flip XT611;0;100;0;0;0;0;android;0;100;0;0;0;0;100;100;100;100;0;25;150
Motorola;Motorola XT390;0;100;0;0;100;0;android;0;100;0;0;0;0;100;100;100;0;0;0;210
Motorola;Motorola DROID 4 XT894;100;100;0;100;0;25;android;40;100;25;0;50;0;100;100;100;0;0;25;260
Motorola;Motorola Motoluxe MT680;0;100;0;0;0;25;android;20;100;0;0;0;0;100;100;100;0;0;25;100
Motorola;Motorola Defy Mini XT320;0;100;0;0;0;0;android;0;100;0;0;0;0;100;100;100;0;100;25;160
Motorola;Motorola XT319;0;100;0;0;0;0;android;0;100;0;0;0;0;100;100;100;0;100;25;130
Motorola;Motorola MOTO XT615;0;100;0;100;0;25;android;0;100;0;0;50;0;100;100;100;0;100;25;120
Motorola;Motorola XOOM 2 3G MZ616;0;100;0;100;0;75;android;40;100;50;0;0;100;100;100;100;0;0;75;210
Motorola;Motorola ATRIX 2 MB865;0;100;0;0;0;25;android;40;100;25;0;50;0;100;100;100;0;100;25;230
Motorola;Motorola Admiral XT603;0;0;0;0;0;0;android;20;100;25;0;0;0;100;100;100;0;0;25;160
Motorola;Motorola FIRE XT;0;100;0;100;0;0;android;0;100;0;0;0;0;100;100;100;0;100;25;100
Motorola;Motorola SPICE Key XT317;0;100;0;0;100;0;android;0;100;0;0;0;0;100;100;100;0;100;25;100
Motorola;Motorola DROID 3;0;100;0;0;0;25;android;40;100;25;0;50;0;100;100;100;0;0;25;200
Motorola;Motorola Triumph;0;0;0;0;0;25;android;20;100;0;0;0;0;100;100;100;0;0;25;210
Motorola;Motorola MOTO MT620;0;100;0;0;0;0;android;0;100;0;0;0;0;100;100;100;0;0;25;120
Motorola;Motorola MOTO XT882;0;0;0;100;0;25;android;40;100;25;0;50;0;100;100;100;0;0;25;230
Motorola;Motorola ATRIX;0;100;0;0;0;25;android;40;100;25;0;0;0;100;100;100;0;0;25;170
Motorola;Motorola ATRIX 4G;0;100;0;0;0;25;android;40;100;25;0;0;0;100;100;100;0;0;25;190
Motorola;Motorola DROID X ME811;0;0;0;0;0;25;android;20;100;0;0;50;0;100;100;100;0;100;25;150
Motorola;Motorola MILESTONE 2 ME722;0;100;0;0;0;0;android;20;100;25;0;0;0;100;100;100;0;0;25;110
Motorola;Motorola XT301;0;0;0;0;0;0;android;0;100;0;0;0;0;100;100;100;0;100;25;170
Motorola;Motorola SPICE XT300;0;100;0;0;0;0;android;0;100;0;0;0;0;100;100;100;0;100;25;170
Motorola;Motorola BRAVO MB520;0;100;0;0;0;0;android;0;100;0;0;0;0;100;100;100;0;100;25;150
Motorola;Motorola MILESTONE 2;0;100;0;0;0;0;android;20;100;25;0;0;0;100;100;100;0;0;25;170
Motorola;Motorola DROID X2;0;0;0;0;0;25;android;40;100;25;0;50;0;100;100;100;0;100;25;230
Motorola;Motorola DROID X;0;0;0;0;0;25;android;20;100;25;0;50;0;100;100;100;0;100;25;150
Motorola;Motorola Quench XT5 XT502;0;100;0;0;0;0;android;0;100;0;0;0;0;100;100;100;0;0;25;200
Motorola;Motorola QUENCH;0;100;0;0;0;0;android;0;100;0;0;0;100;100;100;100;0;100;25;100
Nokia;Nokia XL;0;100;0;0;0;25;android;40;100;25;0;0;0;100;100;100;0;100;25;100
OnePlus;OnePlus 5;100;100;100;0;100;25;android;100;0;75;100;100;0;100;100;100;100;0;50;500
OnePlus;OnePlus X;100;100;100;0;100;25;android;60;100;25;50;75;0;100;100;100;0;100;50;270
OnePlus;OnePlus One;100;100;0;0;0;25;android;60;0;75;50;75;100;100;100;100;100;0;50;250
Prestigio;Prestigio MultiPhone 7600 Duo;0;100;0;100;100;50;android;60;100;25;0;75;0;100;100;100;100;0;50;270
Prestigio;Prestigio MultiPhone 7500;0;100;0;0;0;25;android;60;100;25;0;75;0;100;100;100;100;0;25;280
Prestigio;Prestigio MultiPhone 5451 Duo;0;100;0;0;100;25;android;40;100;25;0;0;0;100;100;100;0;0;25;120
Prestigio;Prestigio MultiPhone 5430 Duo;0;100;0;0;0;25;android;20;100;25;0;50;0;100;100;0;0;100;25;210
Prestigio;Prestigio MultiPhone 5044 Duo;0;100;0;0;100;25;android;60;100;25;0;50;0;100;100;100;0;100;25;200
Prestigio;Prestigio MultiPhone 5000 Duo;0;100;0;100;100;25;android;40;100;25;0;0;0;100;100;100;0;100;25;150
Prestigio;Prestigio MultiPhone 4322 Duo;0;100;0;0;100;25;android;40;100;25;0;50;0;100;100;100;0;100;25;120
Prestigio;Prestigio MultiPhone 4055 Duo;0;100;0;0;100;25;android;40;100;25;0;50;0;100;100;100;0;100;25;120
Prestigio;Prestigio MultiPad Note 8.0 3G;0;100;0;100;0;75;android;40;100;25;0;0;100;100;0;0;0;0;75;240
Prestigio;Prestigio MultiPad 2 Pro Duo 8.0 3G;0;100;0;100;0;75;android;40;100;25;0;0;100;100;100;100;0;100;75;200
Samsung;Samsung Galaxy J3 (2017);100;100;100;0;0;25;android;60;100;25;50;75;0;100;100;100;100;100;25;220
Samsung;Samsung Galaxy S8+;100;100;100;0;0;50;android;100;100;75;100;75;0;100;100;100;100;0;50;900
Samsung;Samsung Galaxy J1 mini prime;100;100;100;0;0;25;android;60;100;25;0;0;0;100;100;100;0;100;25;110
Samsung;Samsung Galaxy J3 Emerge;100;100;100;0;0;25;android;100;100;25;50;0;0;100;100;100;0;100;50;260
Samsung;Samsung Galaxy A5 (2017);100;100;100;0;0;25;android;100;100;50;50;100;0;100;100;100;100;100;50;430
Samsung;Samsung Galaxy Grand Prime Plus;100;100;100;0;100;25;android;60;100;25;50;50;0;100;100;100;0;100;50;140
Samsung;Samsung Galaxy A8 (2016);100;100;100;0;0;25;android;100;100;50;50;100;0;100;100;100;100;100;50;560
Samsung;Samsung Galaxy On8;100;100;100;0;100;25;android;100;100;25;50;75;0;100;100;100;100;100;50;300
Samsung;Samsung Galaxy J7 Prime;100;100;100;0;0;25;android;100;100;50;50;75;0;100;100;100;0;100;50;280
Samsung;Samsung Galaxy Note7;100;100;100;0;0;25;android;100;100;75;100;75;0;100;100;100;100;0;50;850
Samsung;Samsung Galaxy J Max;100;100;100;100;100;50;android;60;100;25;50;50;0;100;100;100;0;100;50;220
Samsung;Samsung Galaxy J2 Pro (2016);100;100;100;0;100;25;android;60;100;25;50;50;0;100;100;100;0;100;50;160
Samsung;Samsung Galaxy J3 Pro;100;100;100;0;100;25;android;60;100;25;50;50;0;100;100;100;100;100;50;150
Samsung;Samsung Galaxy C5;100;100;100;0;100;25;android;100;100;75;100;100;0;100;100;100;100;100;50;360
Samsung;Samsung Galaxy J5 (2016);100;100;100;0;0;25;android;60;100;25;50;75;0;100;100;100;100;100;50;190
Samsung;Samsung Galaxy Tab A 10.1 (2016);100;100;100;100;0;75;android;100;100;25;50;50;0;100;100;100;0;0;100;220
Samsung;Samsung Galaxy S7 edge;100;100;100;0;0;25;android;60;100;75;100;75;0;100;100;100;100;0;50;570
Samsung;Samsung Galaxy S7 (USA);100;100;100;0;0;25;android;60;100;50;100;75;0;100;100;100;100;0;50;460
Samsung;Samsung Galaxy A9 (2016);100;100;100;100;0;50;android;100;100;50;50;75;0;100;100;100;100;100;50;460
Samsung;Samsung Galaxy A7 (2016);100;100;100;0;0;25;android;100;100;25;50;75;0;100;100;100;100;100;50;380
Samsung;Samsung Galaxy J3 (2016);100;100;100;0;0;25;android;60;100;25;50;50;0;100;100;100;100;100;50;140
Samsung;Samsung Galaxy On7;100;100;100;0;100;25;android;60;100;25;50;75;0;100;100;100;0;100;50;180
Samsung;Samsung Galaxy Note5 (USA);100;100;100;0;0;25;android;100;0;75;100;100;0;100;100;100;100;0;50;540
Samsung;Samsung Galaxy Note5;100;100;100;0;0;25;android;100;0;75;100;100;0;100;100;100;100;0;50;590
Samsung;Samsung Galaxy S6 edge+;100;100;100;0;0;25;android;100;0;75;100;100;0;100;100;100;100;0;50;530
Samsung;Samsung Galaxy S5 Neo;100;100;100;0;0;25;android;100;100;25;50;100;0;100;100;100;100;100;50;350
Samsung;Samsung Galaxy Tab S2 9.7;100;100;100;100;0;75;android;100;100;75;50;50;0;100;100;100;0;0;75;520
Samsung;Samsung Galaxy Tab S2 8.0;100;100;100;100;0;75;android;100;100;75;50;50;0;100;100;100;0;0;50;440
Samsung;Samsung Galaxy J7;100;100;100;0;0;25;android;100;100;25;50;75;0;100;100;100;100;100;50;250
Samsung;Samsung Galaxy Tab E 9.6;0;100;100;100;0;75;android;60;100;25;50;0;0;100;100;100;0;0;75;200
Samsung;Samsung Galaxy Tab A & S Pen;100;100;100;100;0;75;android;60;100;25;50;0;100;100;100;100;0;0;75;340
Samsung;Samsung Galaxy Tab A 8.0;100;100;100;100;0;75;android;60;100;25;50;0;0;100;100;100;0;0;50;210
Samsung;Samsung Galaxy S6 (USA);100;100;100;0;0;25;android;100;0;75;50;100;0;100;100;100;100;0;50;410
Samsung;Samsung Galaxy S6 Duos;100;100;100;0;100;25;android;100;0;75;50;100;0;100;100;100;100;0;50;400
Samsung;Samsung Galaxy J1;0;100;100;0;0;25;android;40;100;25;0;0;0;100;100;100;0;100;25;110
Samsung;Samsung Galaxy J2;100;100;100;0;0;25;android;60;100;25;0;0;0;100;100;100;100;100;25;150
Samsung;Samsung Galaxy Grand Max;100;100;100;0;0;25;android;60;100;25;50;75;0;100;100;100;0;100;25;260
Samsung;Samsung Galaxy Core Prime;100;100;0;0;0;25;android;60;100;25;0;0;0;100;100;100;100;100;25;150
Samsung;Samsung Galaxy A3 Duos;100;100;0;100;100;25;android;60;100;25;0;50;0;100;100;100;100;100;25;230
Samsung;Samsung Galaxy A3;100;100;0;100;0;25;android;60;100;25;0;50;0;100;100;100;100;100;25;190
Samsung;Samsung Galaxy Grand Prime Duos TV;0;100;0;0;100;25;android;60;100;25;0;50;0;100;100;100;0;100;50;150
Samsung;Samsung Galaxy Ace Style LTE G357;100;100;0;0;0;25;android;60;100;25;0;0;0;100;100;100;100;100;25;200
Samsung;Samsung Galaxy Note 4 (USA);100;100;0;0;0;25;android;60;100;50;50;100;0;100;100;100;100;0;50;550
Samsung;Samsung Galaxy Note 4;100;100;0;0;0;25;android;60;100;50;50;100;0;100;100;100;100;0;50;440
Samsung;Samsung Galaxy S5 LTE-A G901F;100;100;0;0;0;25;android;60;100;50;50;100;0;100;100;100;100;0;50;390
Samsung;Samsung Galaxy Alpha;100;100;0;0;0;25;android;100;0;50;50;75;0;100;100;100;100;0;25;390
Samsung;Samsung Galaxy S Duos 3;0;100;0;0;100;25;android;40;100;25;0;0;0;100;100;100;0;100;25;100
Samsung;Samsung Galaxy S5 mini;100;100;0;0;0;25;android;60;100;25;50;50;0;100;100;100;100;0;25;220
Samsung;Samsung Galaxy Young 2;0;100;0;0;100;0;android;20;100;25;0;0;0;100;100;100;0;100;25;100
Samsung;Samsung Galaxy Core II;0;100;0;0;100;25;android;60;100;25;0;0;0;100;100;100;0;100;25;130
Samsung;Samsung Galaxy Tab S 8.4 LTE;100;100;0;100;0;75;android;60;100;50;50;50;100;100;100;100;0;0;75;370
Samsung;Samsung Galaxy Tab S 10.5 LTE;100;100;0;100;0;75;android;60;100;50;50;50;100;100;100;100;0;0;100;440
Samsung;Samsung Galaxy W;100;100;0;100;0;50;android;60;100;25;50;50;0;100;100;100;100;100;50;360
Samsung;Samsung Galaxy K zoom;100;100;0;100;0;25;android;80;100;25;50;100;0;100;100;100;100;0;25;440
Samsung;Samsung Galaxy Tab 4 7.0 3G;0;100;0;100;0;50;android;60;100;25;50;0;100;100;100;100;0;0;50;240
Samsung;Samsung Galaxy Tab 4 7.0 LTE;100;100;0;100;0;50;android;60;100;25;50;0;100;100;100;100;0;0;50;280
Samsung;Samsung Galaxy Tab 4 10.1 3G;0;100;0;100;0;75;android;60;100;25;50;0;100;100;100;100;0;0;75;300
Samsung;Samsung G3812B Galaxy S3 Slim;0;100;0;0;0;25;android;60;100;25;0;0;0;100;100;100;0;0;25;200
Samsung;Samsung Galaxy S5 (octa-core);0;100;0;0;0;25;android;100;100;50;50;100;0;100;100;100;100;0;50;380
Samsung;Samsung Galaxy S5 (USA);100;100;0;100;0;25;android;60;100;25;50;100;0;100;100;100;100;0;50;480
Samsung;Samsung Galaxy Core LTE;100;100;0;0;0;25;android;40;100;25;0;0;0;100;100;100;100;100;25;260
Samsung;Samsung Galaxy Note 3 Neo Duos;0;100;0;100;100;25;android;60;100;25;50;50;0;100;100;100;0;0;50;410
Samsung;Samsung Galaxy Grand Neo;0;100;0;0;0;25;android;60;100;25;0;0;0;100;100;100;0;100;25;130
Samsung;Samsung Galaxy Note Pro 12.2 LTE;100;100;0;100;0;100;android;60;100;75;50;50;100;100;100;100;0;0;100;670
Samsung;Samsung Galaxy Tab Pro 12.2 3G;0;100;0;100;0;100;android;100;100;75;50;50;100;100;100;100;0;0;100;470
Samsung;Samsung Galaxy Tab Pro 8.4 3G/LTE;100;100;0;100;0;75;android;60;100;50;50;50;100;100;100;100;0;0;75;420
Samsung;Samsung Galaxy J;100;100;0;0;0;25;android;60;100;25;50;75;0;100;100;100;100;0;50;450
Samsung;Samsung Galaxy Win Pro G3812;0;100;0;0;100;25;android;60;100;25;50;0;0;100;100;100;0;0;25;170
Samsung;Samsung I9230 Galaxy Golden;0;100;0;0;0;0;android;40;100;25;50;50;0;100;100;100;100;100;25;590
Samsung;Samsung I9506 Galaxy S4;100;100;0;0;0;25;android;60;100;50;50;75;0;100;100;100;100;0;50;390
Samsung;Samsung Galaxy Fresh S7390;0;100;0;0;0;25;android;20;100;25;0;0;0;100;100;100;0;100;25;120
Samsung;Samsung Galaxy Note 10.1 (2014 Edition);100;100;0;100;0;75;android;60;100;50;50;50;100;100;100;100;0;0;100;370
Samsung;Samsung Galaxy Ace 3;100;100;0;0;0;25;android;40;100;25;0;0;0;100;100;100;100;100;25;130
Samsung;Samsung Galaxy Tab 3 8.0;100;100;0;100;0;75;android;40;100;50;50;0;100;100;100;100;0;0;50;270
Samsung;Samsung Galaxy Tab 3 10.1 P5220;100;100;0;100;0;75;android;40;100;50;0;0;100;100;100;100;0;0;75;290
Samsung;Samsung Galaxy Tab 3 7.0;100;100;0;100;0;50;android;40;100;25;0;0;0;100;100;100;0;0;50;150
Samsung;Samsung Galaxy Mega 5.8 I9150;0;100;0;0;0;25;android;40;100;25;50;50;0;100;100;100;0;0;50;280
Samsung;Samsung I9500 Galaxy S4;0;100;0;0;0;25;android;100;100;50;50;75;0;100;100;100;100;0;50;320
Samsung;Samsung I9502 Galaxy S4;0;100;0;0;100;25;android;100;100;50;50;75;0;100;100;100;100;0;50;460
Samsung;Samsung Galaxy Fame S6810;0;100;0;100;0;0;android;20;100;25;0;0;0;100;100;100;100;100;25;120
Samsung;Samsung S7710 Galaxy Xcover 2;0;100;0;100;0;25;android;40;100;25;0;0;0;100;100;100;0;100;25;190
Samsung;Samsung Galaxy Grand I9082;0;100;0;0;100;25;android;40;100;25;0;50;0;100;100;100;0;100;25;180
Samsung;Samsung Galaxy Grand I9080;0;100;0;0;0;25;android;40;100;25;0;50;0;100;100;100;0;100;25;210
Samsung;Samsung Galaxy Stratosphere II I415;100;100;0;0;0;25;android;40;100;25;0;0;0;100;100;100;100;0;25;170
Samsung;Samsung Galaxy Premier I9260;100;100;0;0;0;25;android;40;100;25;0;50;0;100;100;100;100;100;25;260
Samsung;Samsung Galaxy Music Duos S6012;0;100;0;100;100;0;android;0;100;25;0;0;100;100;100;100;0;100;25;100
Samsung;Samsung Galaxy Rugby Pro I547;100;100;0;0;0;25;android;40;100;25;0;0;0;100;100;100;100;0;25;150
Samsung;Samsung Galaxy Victory 4G LTE L300;100;0;0;0;0;25;android;40;100;25;0;0;0;100;100;100;100;0;25;150
Samsung;Samsung Galaxy Note II N7100;100;100;0;0;0;25;android;60;100;50;50;50;0;100;100;100;100;100;50;300
Samsung;Samsung Galaxy Camera GC100;100;0;0;100;0;25;android;60;100;25;0;100;0;100;100;100;0;0;25;250
Samsung;Samsung Galaxy Rush M830;0;0;0;100;0;0;android;20;100;0;0;0;0;100;100;100;0;0;25;100
Samsung;Samsung Galaxy Tab 2 7.0 I705;100;0;0;100;0;50;android;40;100;25;0;0;100;100;100;100;0;0;50;200
Samsung;Samsung Galaxy S Duos S7562;0;100;0;0;100;25;android;20;100;25;0;0;0;100;100;100;0;100;25;110
Samsung;Samsung Galaxy Ace Duos S6802;0;100;0;0;100;0;android;0;100;25;0;0;0;100;100;100;0;100;25;120
Samsung;Samsung Galaxy Appeal I827;0;100;0;100;0;0;android;0;100;25;0;0;0;100;100;100;0;0;25;120
Samsung;Samsung Galaxy S III T999;100;100;0;0;0;25;android;40;100;50;50;50;0;100;100;100;100;0;25;310
Samsung;Samsung Galaxy S III CDMA;100;0;0;100;0;25;android;40;100;50;50;50;0;100;100;100;100;0;25;280
Samsung;Samsung Galaxy Tab 2 10.1 P5100;0;100;0;100;0;75;android;40;100;50;0;0;100;100;100;100;0;0;75;290
Samsung;Samsung Rugby Smart I847;0;100;0;0;0;0;android;20;100;25;0;0;0;100;100;100;0;0;25;170
Samsung;Samsung Galaxy Pop Plus S5570i;0;100;0;100;0;0;android;0;100;0;0;0;0;100;100;100;0;100;25;100
Samsung;Samsung I9070 Galaxy S Advance;0;100;0;0;0;25;android;40;100;25;0;0;0;100;100;100;100;100;25;150
Samsung;Samsung Galaxy S Blaze 4G T769;0;100;0;100;0;0;android;40;100;25;0;0;0;100;100;100;100;0;25;140
Samsung;Samsung Galaxy Tab 7.7 LTE I815;100;0;0;100;0;50;android;40;100;50;0;0;100;100;100;100;0;0;75;280
Samsung;Samsung Galaxy Note T879;0;100;0;0;0;25;android;40;100;25;0;50;0;100;100;100;100;100;25;350
Samsung;Samsung Galaxy Ace Plus S7500;0;100;0;0;0;0;android;20;100;25;0;0;0;100;100;100;0;100;25;120
Samsung;Samsung Galaxy S II Skyrocket i727;100;100;0;100;0;25;android;40;100;25;0;50;0;100;100;100;100;0;25;180
Samsung;Samsung Exhibit II 4G T679;0;100;0;0;0;0;android;20;100;0;0;0;0;100;100;100;0;0;25;100
Samsung;Samsung I9100G Galaxy S II;0;100;0;0;0;25;android;40;100;25;0;50;0;100;100;100;100;100;25;220
Samsung;Samsung i927 Captivate Glide;0;100;0;0;0;25;android;40;100;25;0;50;0;100;100;100;0;0;25;110
Samsung;Samsung Galaxy S II HD LTE;100;100;0;100;0;25;android;40;100;25;0;50;0;100;100;100;100;0;25;180
Samsung;Samsung P6800 Galaxy Tab 7.7;0;100;0;100;0;50;android;40;100;50;0;0;100;100;100;100;0;0;75;280
Samsung;Samsung Galaxy S II X T989D;0;100;0;0;0;25;android;40;100;25;0;50;0;100;100;100;100;0;0;180
Samsung;Samsung Galaxy S II Epic 4G Touch;0;0;0;0;0;25;android;40;100;25;0;50;0;100;100;100;100;0;25;130
Samsung;Samsung Galaxy Tab 8.9 LTE I957;100;100;0;100;0;75;android;40;0;50;0;0;100;100;100;100;0;0;75;330
Samsung;Samsung Galaxy W I8150;0;100;0;100;0;0;android;20;100;0;0;0;0;100;100;100;0;100;25;160
Samsung;Samsung Gravity SMART;0;100;0;0;0;0;android;0;100;0;0;0;0;100;100;100;0;0;25;170
Samsung;Samsung I9001 Galaxy S Plus;0;100;0;0;0;25;android;20;100;25;0;0;0;100;100;100;0;100;25;230
Samsung;Samsung Galaxy Tab 10.1 LTE I905;100;0;0;100;0;75;android;40;0;50;0;0;100;100;100;100;0;0;75;290
Samsung;Samsung Galaxy Tab 8.9 P7300;0;100;0;100;0;75;android;40;0;50;0;0;100;100;100;100;0;0;75;290
Samsung;Samsung I9003 Galaxy SL;0;100;0;0;0;25;android;20;100;25;0;0;0;100;100;100;0;100;25;150
Samsung;Samsung Galaxy Gio S5660;0;100;0;0;0;0;android;0;100;0;0;0;0;100;100;100;0;100;25;110
Samsung;Samsung Galaxy Tab T-Mobile T849;0;100;0;100;0;50;android;20;100;25;0;0;100;100;100;100;0;0;50;270
Samsung;Samsung P1000 Galaxy Tab;0;100;0;100;0;50;android;20;100;50;0;0;100;100;100;100;0;0;50;150
Samsung;Samsung i897 Captivate;0;100;0;0;0;25;android;20;100;25;0;0;0;100;100;100;0;0;25;170
Samsung;Samsung I5801 Galaxy Apollo;0;100;0;0;0;0;android;0;100;0;0;0;0;100;100;100;0;100;25;140
Samsung;Samsung I9000 Galaxy S;0;100;0;0;0;25;android;20;100;25;0;0;0;100;100;100;0;100;25;120
Samsung;Samsung I8520 Galaxy Beam;0;100;0;0;0;0;android;0;100;25;0;50;100;100;100;100;0;100;25;260
Sony;Sony Xperia XZ Premium;100;100;100;100;0;25;android;100;100;75;100;100;100;100;100;100;100;0;50;750
Sony;Sony Xperia XA1;100;100;100;0;0;25;android;100;100;50;50;100;0;100;100;100;100;100;25;280
Sony;Sony Xperia E5;100;100;100;0;0;25;android;60;100;25;50;75;0;100;100;100;100;100;25;150
Sony;Sony Xperia XA Ultra;100;100;100;100;0;50;android;100;100;25;50;100;0;100;100;100;100;100;50;380
Sony;Sony Xperia XA Dual;100;100;100;100;100;25;android;100;100;25;50;75;0;100;100;100;100;100;25;250
Sony;Sony Xperia Z5 Premium Dual;100;100;100;0;100;25;android;100;100;50;50;100;100;100;100;100;100;100;50;510
Sony;Sony Xperia Z5;100;100;100;0;0;25;android;100;100;50;50;100;100;100;100;100;100;100;50;420
Sony;Sony Xperia Z5 Compact;100;100;100;0;0;25;android;100;100;50;50;100;100;100;100;100;100;100;50;410
Sony;Sony Xperia C5 Ultra Dual;100;100;100;0;100;50;android;100;100;25;50;75;0;100;100;100;100;100;50;350
Sony;Sony Xperia Z3+ dual;100;100;100;0;100;25;android;100;100;50;50;100;100;100;100;100;100;100;50;420
Sony;Sony Xperia C4;100;100;100;0;0;25;android;100;100;25;50;75;0;100;100;100;100;100;50;220
Sony;Sony Xperia M4 Aqua Dual;100;100;100;0;100;25;android;100;100;25;50;75;0;100;100;100;100;100;25;220
Sony;Sony Xperia E4g;100;100;100;0;0;25;android;60;100;25;0;0;0;100;100;100;100;100;25;130
Sony;Sony Xperia E4 Dual;0;100;100;0;100;25;android;60;100;25;0;0;0;100;100;100;0;100;25;120
Sony;Sony Xperia E3;100;100;0;100;0;25;android;60;100;25;0;0;0;100;100;100;100;100;25;170
Sony;Sony Xperia Z3 Tablet Compact;100;100;0;100;0;75;android;60;100;25;50;50;100;100;100;100;100;100;50;380
Sony;Sony Xperia Z3;100;100;0;0;0;25;android;60;100;50;50;100;100;100;100;100;100;100;50;300
Sony;Sony Xperia M2 Aqua;100;100;0;0;0;25;android;60;100;25;0;50;0;100;100;100;100;100;25;200
Sony;Sony Xperia Z2a;100;100;0;0;0;25;android;60;100;25;50;100;100;100;100;100;100;100;50;250
Sony;Sony Xperia T3;100;100;0;0;0;25;android;60;100;25;0;50;0;100;100;100;100;100;25;200
Sony;Sony Xperia Z2 Tablet LTE;100;100;0;100;0;75;android;60;100;25;50;50;100;100;100;100;100;100;75;350
Sony;Sony Xperia E1 dual;0;100;0;0;100;25;android;40;100;25;0;0;0;100;100;100;0;100;25;120
Sony;Sony Xperia T2 Ultra;100;100;0;100;0;50;android;60;100;25;0;75;0;100;100;100;100;100;50;230
Sony;Sony Xperia Z1s;100;100;0;0;0;25;android;60;100;50;50;100;0;100;100;100;100;100;50;260
Sony;Sony Xperia Z Ultra;100;100;0;100;0;50;android;60;100;25;50;50;0;100;100;100;100;100;50;280
Sony;Sony Xperia M;0;100;0;0;0;25;android;40;100;25;0;0;0;100;100;100;100;100;25;130
Sony;Sony Xperia SP;100;100;0;0;0;25;android;40;100;25;0;50;0;100;100;100;100;100;25;180
Sony;Sony Xperia Tablet Z LTE;100;100;0;100;0;75;android;60;100;25;50;50;100;100;100;100;100;100;75;350
Sony;Sony Xperia E dual;0;100;0;100;100;0;android;20;100;25;0;0;0;100;100;100;0;100;25;100
Sony;Sony Xperia Tablet S 3G;0;100;0;100;0;75;android;60;100;50;0;50;100;100;100;100;0;0;75;260
Sony;Sony Xperia TX;0;100;0;0;0;25;android;40;100;25;0;75;0;100;100;100;100;100;25;330
Sony;Sony Xperia T;0;100;0;0;0;25;android;40;100;25;0;75;0;100;100;100;100;100;25;230
Sony;Sony Xperia go;0;100;0;0;0;0;android;40;100;25;0;0;0;100;100;100;0;100;25;160
Sony;Sony Xperia SX SO-05D;100;100;0;0;0;0;android;40;100;25;0;50;0;100;100;100;0;100;25;220
Sony;Sony Xperia acro HD SOI12;0;100;0;0;0;25;android;40;100;25;0;75;0;100;100;100;0;100;25;280
Sony;Sony Xperia neo L;0;100;0;100;0;25;android;20;100;0;0;0;0;100;100;100;0;0;25;150
Sony;Sony Xperia P;0;100;0;0;0;25;android;40;0;25;0;50;0;100;100;100;100;100;25;210
Sony;Sony Xperia ion HSPA;0;100;0;0;0;25;android;40;100;25;0;75;0;100;100;100;100;100;25;250
Sony;Sony Tablet P 3G;100;0;0;100;0;25;android;40;100;25;0;0;100;100;100;100;0;0;50;180
Sony;Sony Tablet S 3G;0;0;0;100;0;75;android;40;100;50;0;0;100;100;100;100;0;0;0;260
Xiaomi;Xiaomi Mi 6;100;100;100;0;100;25;android;100;0;100;100;75;100;0;100;100;100;0;50;400
Xiaomi;Xiaomi Redmi Note 4X;100;100;100;0;100;25;android;100;100;50;100;75;0;100;100;100;0;100;50;180
Xiaomi;Xiaomi Redmi 4 (China);100;100;100;0;100;25;android;100;100;25;50;75;0;100;100;100;0;100;50;130
Xiaomi;Xiaomi Redmi 4 Prime;100;100;100;0;100;25;android;100;100;50;50;75;0;100;100;100;0;100;50;160
Xiaomi;Xiaomi Mi 5s Plus;100;100;100;0;100;25;android;60;0;75;100;75;0;100;100;100;100;0;50;370
Xiaomi;Xiaomi Redmi Note 4 (MediaTek);100;100;100;0;100;25;android;100;100;25;50;75;0;100;100;100;0;100;50;170
Xiaomi;Xiaomi Redmi 3s Prime;100;100;100;0;100;25;android;100;100;50;50;75;0;100;100;100;0;100;50;150
Xiaomi;Xiaomi Redmi 3s;100;100;100;0;100;25;android;100;100;25;50;75;0;100;100;100;0;100;50;120
Xiaomi;Xiaomi Mi Max;100;100;100;100;100;50;android;80;100;75;50;100;0;100;100;100;0;100;75;170
Xiaomi;Xiaomi Redmi Note 3;100;100;100;0;100;25;android;80;100;25;50;100;0;100;100;100;0;100;50;160
Xiaomi;Xiaomi Redmi Note 3 (MediaTek);100;100;100;0;100;25;android;100;0;25;50;75;0;100;100;100;0;100;50;180
Xiaomi;Xiaomi Redmi 2 Prime;100;100;100;0;100;25;android;60;100;25;50;50;0;100;100;100;0;100;25;120
Xiaomi;Xiaomi Mi Note;100;100;100;0;100;25;android;60;0;75;50;75;0;100;100;100;0;0;50;190
Xiaomi;Xiaomi Redmi Note 4G;100;100;0;0;0;25;android;60;100;25;50;75;0;100;100;100;0;100;50;160
Xiaomi;Xiaomi Mi 3;0;100;0;0;0;25;android;60;0;75;50;75;0;100;100;100;100;100;50;200
Xiaomi;Xiaomi Mi 2;0;100;0;0;0;25;android;60;0;50;50;50;0;100;100;100;0;100;25;250
ZTE;ZTE Axon 7s;100;100;100;0;100;25;android;60;100;100;100;100;0;100;100;100;100;100;50;700
ZTE;ZTE Blade V8 Lite;100;100;100;0;100;25;android;100;100;25;50;50;0;100;100;100;0;100;25;170
ZTE;ZTE Blade V8;100;100;100;0;100;25;android;100;100;25;50;75;0;100;100;100;0;100;50;250
ZTE;ZTE Axon 7 mini;100;100;100;0;100;25;android;100;100;50;50;100;100;100;100;100;100;0;50;270
ZTE;ZTE nubia Z11 Max;100;100;100;0;100;50;android;100;100;75;100;100;0;100;100;100;0;100;50;360
ZTE;ZTE nubia Z11 mini;100;100;100;0;100;25;android;100;100;75;50;100;0;100;100;100;0;100;50;250
ZTE;ZTE Blade A2;100;100;100;0;100;25;android;100;100;25;50;75;0;100;100;100;0;100;25;130
ZTE;ZTE Avid Plus;100;100;100;100;0;25;android;60;100;25;0;0;0;100;100;100;0;0;25;110
ZTE;ZTE Blade S7;100;100;100;0;100;25;android;100;100;50;50;75;0;100;100;100;0;100;25;280
ZTE;ZTE nubia My Prague;100;100;100;0;100;25;android;100;100;25;50;75;0;100;100;100;0;100;25;350
ZTE;ZTE Axon Pro;100;100;100;100;0;25;android;100;0;75;100;75;0;100;100;100;100;100;50;350
ZTE;ZTE Blade Apex 3;100;100;100;0;0;25;android;60;100;25;0;0;0;100;100;100;0;100;25;110
ZTE;ZTE nubia Z9 Max;100;100;100;0;100;25;android;100;100;25;50;100;0;100;100;100;100;100;50;200
ZTE;ZTE V5 Lux;100;100;100;0;100;25;android;60;100;25;0;75;0;100;100;100;0;100;25;210
ZTE;ZTE Grand S II;0;100;0;0;0;25;android;60;100;25;50;75;0;100;100;100;0;100;25;180
ZTE;ZTE nubia Z5S mini NX405H;100;100;0;100;0;25;android;60;100;25;50;75;0;100;100;100;0;100;25;210
ZTE;ZTE Blade L2;0;100;0;0;0;25;android;60;100;25;0;0;0;100;100;100;0;100;25;130
ZTE;ZTE nubia X6;100;100;0;100;100;50;android;60;100;75;50;75;100;100;100;100;100;100;50;350
ZTE;ZTE nubia Z5S mini NX403A;0;100;0;0;0;25;android;60;100;25;50;75;0;100;100;100;0;100;25;230
ZTE;ZTE Blade G V880G;0;100;0;0;0;25;android;40;100;25;0;0;0;100;100;100;100;100;25;280
ZTE;ZTE Vital N9810;100;0;0;0;0;25;android;40;100;25;0;75;0;100;100;100;100;0;25;270
ZTE;ZTE Grand Memo V9815;100;100;0;0;0;25;android;60;100;25;50;75;0;100;100;100;0;100;50;340
ZTE;ZTE Avid 4G;100;0;0;100;0;25;android;40;100;25;0;0;0;100;100;100;0;0;25;110
ZTE;ZTE Flash;100;0;0;0;0;25;android;40;100;25;0;75;0;100;100;100;100;100;25;360
ZTE;ZTE Grand X IN;0;100;0;100;0;25;android;20;100;25;0;50;0;100;100;100;100;100;25;430
ZTE;ZTE Blade II V880+;0;100;0;100;0;0;android;20;100;0;0;0;0;100;100;100;100;100;25;230
ZTE;ZTE Racer;0;100;0;0;0;0;android;0;100;0;0;0;0;100;100;100;0;100;25;180
Apple;Apple iPad 9.7;100;100;100;100;0;75;ios;40;0;100;50;50;100;100;100;100;0;0;100;390
Apple;Apple iPad Pro 9.7;100;100;100;100;0;75;ios;40;0;100;50;75;100;100;100;100;100;0;0;690
Apple;Apple iPhone 6s Plus;100;100;100;100;0;25;ios;40;0;50;50;75;0;100;100;100;100;0;50;750
Apple;Apple iPad mini 4;100;100;100;100;0;50;ios;40;0;50;50;50;100;100;100;100;0;0;75;360
Apple;Apple iPad Air 2;100;100;0;100;0;75;ios;40;0;50;50;50;100;100;100;100;0;0;100;440
Apple;Apple iPhone 6;100;100;0;0;0;25;ios;40;0;50;0;50;0;100;100;100;100;0;25;540
Apple;Apple iPad mini 2;100;100;0;100;0;50;ios;40;0;50;0;0;100;100;100;100;0;0;75;270
Apple;Apple iPad mini Wi-Fi + Cellular;100;100;0;100;0;50;ios;40;0;50;0;0;100;100;100;100;0;0;50;300
Apple;Apple iPad 4 Wi-Fi + Cellular;100;100;0;100;0;75;ios;40;0;50;0;0;0;100;100;100;0;0;25;500
Apple;Apple iPhone 4s;0;100;0;0;0;0;ios;40;0;25;0;50;0;100;100;100;0;0;25;190
Apple;Apple iPad 2 CDMA;0;0;0;100;0;75;ios;40;0;50;0;0;0;100;100;100;0;0;75;200
Apple;Apple iPhone 7 Plus;100;100;100;0;0;25;ios;60;0;100;50;75;100;0;100;100;100;0;50;900
Apple;Apple iPhone SE;100;100;100;0;0;25;ios;40;0;50;50;75;0;100;100;100;100;0;25;440
Apple;Apple iPad Pro;100;100;100;100;0;100;ios;40;0;100;100;50;100;100;100;100;100;0;0;850
Apple;Apple iPad mini 3;100;100;0;100;0;50;ios;40;0;75;0;0;100;100;100;100;0;0;75;400
Apple;Apple iPad Air;100;100;0;100;0;75;ios;40;0;50;0;0;100;100;100;100;0;0;100;350
Apple;Apple iPhone 5c;100;100;0;0;0;25;ios;40;0;25;0;50;0;100;100;100;0;0;25;300
Apple;Apple iPhone 5;100;100;0;0;0;25;ios;40;0;50;0;50;0;100;100;100;0;0;25;340
Apple;Apple iPad 2 Wi-Fi + 3G;0;100;0;100;0;75;ios;40;0;50;0;0;0;100;100;100;0;0;75;370
Apple;Apple iPhone 4 CDMA;0;0;0;0;0;0;ios;20;0;50;0;0;0;100;100;100;0;0;25;150
Apple;Apple iPhone 7;100;100;100;0;0;25;ios;60;0;100;50;75;100;0;100;100;100;0;25;760
Apple;Apple iPhone 6s;100;100;100;0;0;25;ios;40;0;50;50;75;0;100;100;100;100;0;25;620
Apple;Apple iPhone 6 Plus;100;100;0;0;0;25;ios;40;0;75;0;50;0;100;100;100;100;0;50;700
Apple;Apple iPhone 5s;100;100;0;0;0;25;ios;40;0;50;0;50;0;100;100;100;0;0;25;330
Apple;Apple iPad 3 Wi-Fi + Cellular;100;100;0;100;0;75;ios;40;0;50;0;0;0;100;100;100;0;0;25;400
Apple;Apple iPhone 4;0;100;0;0;0;0;ios;20;0;25;0;0;0;100;100;100;0;0;25;200
Acer;Acer neoTouch P400;0;100;0;0;0;0;windows;0;100;0;0;0;0;100;100;100;0;100;25;100
HTC;HTC One (M8) for Windows (CDMA);0;100;0;0;0;25;windows;60;100;50;50;0;100;100;100;100;100;100;50;300
HTC;HTC Windows Phone 8X CDMA;100;100;0;100;0;25;windows;40;0;25;0;50;0;100;100;100;100;0;25;200
HTC;HTC Radar;0;100;0;0;0;0;windows;20;0;25;0;0;100;100;100;100;0;100;25;140
HTC;HTC HD7;0;100;0;0;0;25;windows;20;0;25;0;0;0;100;100;100;0;100;25;120
HTC;HTC HD mini;0;100;0;0;0;0;windows;0;100;0;0;0;0;100;100;100;0;100;25;120
Huawei;Huawei Ascend W1;0;100;0;0;0;25;windows;40;100;25;0;0;0;100;100;100;0;0;25;160
LG;LG E900 Optimus 7;0;100;0;0;0;0;windows;20;0;25;0;0;0;100;100;100;0;100;25;120
Microsoft;Microsoft Lumia 950 XL Dual SIM;100;100;100;0;100;25;windows;100;100;50;50;100;0;100;100;100;100;100;50;350
Microsoft;Microsoft Lumia 950 Dual SIM;100;100;100;0;100;25;windows;80;100;50;50;100;0;100;100;100;100;100;50;280
Microsoft;Microsoft Lumia 640 XL LTE Dual SIM;100;100;100;0;100;25;windows;60;100;25;0;75;0;100;100;100;100;100;50;200
Microsoft;Microsoft Lumia 640 XL LTE;100;100;100;0;0;25;windows;60;100;25;0;75;0;100;100;100;100;100;50;200
Microsoft;Microsoft Lumia 640 LTE Dual SIM;100;100;100;0;100;25;windows;60;100;25;0;50;0;100;100;100;100;100;25;150
Microsoft;Microsoft Lumia 640 Dual SIM;0;100;100;0;100;25;windows;60;100;25;0;50;0;100;100;100;0;100;25;170
Nokia;Nokia Lumia 638;100;100;0;0;0;25;windows;60;100;25;0;0;0;100;100;100;0;100;25;100
Nokia;Nokia Lumia 730 Dual SIM;0;100;0;0;100;25;windows;60;100;25;0;25;0;100;100;100;100;100;25;170
Nokia;Nokia Lumia 530 Dual SIM;0;100;0;0;100;25;windows;60;100;25;0;0;0;100;100;100;0;100;25;100
Nokia;Nokia Lumia 930;100;100;0;0;0;25;windows;60;0;50;50;100;0;100;100;100;100;100;25;370
Nokia;Nokia Lumia 630;0;100;0;0;0;25;windows;60;100;25;0;0;0;100;100;100;0;100;25;110
Nokia;Nokia Lumia Icon;100;100;0;0;0;25;windows;60;0;50;50;100;0;100;100;100;100;100;25;400
Nokia;Nokia Lumia 1520;100;100;0;100;0;50;windows;60;100;25;50;100;0;100;100;100;100;100;50;350
Nokia;Nokia Lumia 625;100;100;0;0;0;25;windows;40;100;25;0;0;0;100;100;100;0;100;25;160
Nokia;Nokia Lumia 1020;100;100;0;0;0;25;windows;40;0;50;50;100;0;100;100;100;100;100;25;400
Nokia;Nokia Lumia 720;0;100;0;0;0;25;windows;40;100;25;0;25;0;100;100;100;100;100;25;200
Nokia;Nokia Lumia 620;0;100;0;0;0;0;windows;40;100;25;0;0;0;100;100;100;100;0;25;120
Nokia;Nokia Lumia 810;0;100;0;0;0;25;windows;40;100;25;0;50;0;100;100;100;100;100;25;250
Nokia;Nokia Lumia 920;100;100;0;0;0;25;windows;40;0;50;0;50;0;100;100;100;100;100;25;210
Nokia;Nokia 800c;0;100;0;0;0;0;windows;20;0;25;0;50;0;100;100;100;0;100;25;170
Nokia;Nokia Lumia 900 AT&T;100;100;0;0;0;25;windows;20;0;25;0;50;0;100;100;100;0;100;25;160
Nokia;Nokia Lumia 710;0;100;0;100;0;0;windows;20;0;25;0;0;0;100;100;100;0;100;25;100
Samsung;Samsung ATIV S Neo;100;100;0;0;0;25;windows;40;100;25;0;50;0;100;100;100;100;0;25;310
Acer;Acer Liquid Jade Primo;100;100;100;0;100;25;windows;80;100;50;50;100;0;100;100;100;0;100;50;220
HP;HP Elite x3;100;100;100;100;0;25;windows;60;100;75;100;100;100;100;100;100;100;0;50;700
HTC;HTC Windows Phone 8X;100;100;0;0;0;25;windows;40;0;25;0;50;0;100;100;100;100;100;25;170
HTC;HTC Titan;0;100;0;0;0;25;windows;20;0;25;0;50;0;100;100;100;0;100;25;140
HTC;HTC 7 Pro;0;100;0;0;0;0;windows;20;0;25;0;0;0;100;100;100;0;100;25;190
Huawei;Huawei Ascend W2;0;100;0;0;0;25;windows;40;100;25;0;0;0;100;100;100;0;0;25;150
Microsoft;Microsoft Lumia 950 XL;100;100;100;0;0;25;windows;100;100;50;50;100;0;100;100;100;100;100;50;350
Microsoft;Microsoft Lumia 540 Dual SIM;0;100;100;0;100;25;windows;60;100;25;0;50;0;100;100;100;0;100;25;100
Microsoft;Microsoft Lumia 640 XL Dual SIM;0;100;100;0;100;25;windows;60;100;25;0;75;0;100;100;100;100;100;50;170
Microsoft;Microsoft Lumia 640 LTE;100;100;100;0;0;25;windows;60;100;25;0;50;0;100;100;100;100;100;25;120
HTC;HTC One (M8) for Windows;100;100;0;0;0;25;windows;60;100;50;50;0;100;100;100;100;100;100;50;300
Motorola;Motorola ES400;0;100;0;0;0;0;windows;0;100;0;0;0;0;0;100;100;0;0;25;220
HTC;HTC 8XT;100;0;0;0;0;25;windows;40;100;25;0;50;100;100;100;100;100;0;25;170
Nokia;Nokia Lumia 735;100;100;0;0;0;25;windows;60;100;25;0;25;0;100;100;100;100;100;25;220
HTC;HTC Windows Phone 8S;0;100;0;0;0;25;windows;40;100;25;0;0;0;100;100;100;0;100;25;150
Nokia;Nokia Lumia 530;0;100;0;0;0;25;windows;60;100;25;0;0;0;100;100;100;0;100;25;100
HTC;HTC HD7S;0;100;0;0;0;25;windows;20;0;25;0;0;0;100;100;100;0;100;25;120
Nokia;Nokia Lumia 630 Dual SIM;0;100;0;0;100;25;windows;60;100;25;0;0;0;100;100;100;0;100;25;140
HTC;HTC 7 Mozart;0;100;0;0;0;0;windows;20;0;25;0;50;0;100;100;100;0;100;25;130
Nokia;Nokia Lumia 525;0;100;0;0;0;25;windows;40;100;25;0;0;0;100;100;100;0;100;25;120
Microsoft;Microsoft Lumia 650;100;100;100;0;0;25;windows;60;100;25;0;50;0;100;100;100;100;100;25;150
Nokia;Nokia Lumia 2520;100;100;0;100;0;75;windows;60;100;50;50;25;100;100;100;100;100;0;100;360
Microsoft;Microsoft Lumia 950;100;100;100;0;0;25;windows;80;100;50;50;100;0;100;100;100;100;100;50;280
Nokia;Nokia Lumia 925;100;100;0;0;0;25;windows;40;0;25;0;50;0;100;100;100;100;100;25;260
Microsoft;Microsoft Lumia 640 XL;0;100;100;0;0;25;windows;60;100;25;0;75;0;100;100;100;100;100;50;170
Nokia;Nokia Lumia 505;0;100;0;0;0;0;windows;0;0;25;0;50;0;100;100;100;0;100;25;140
Nokia;Nokia Lumia 830;100;100;0;0;0;25;windows;60;100;25;0;50;0;100;100;100;100;100;25;330
Nokia;Nokia Lumia 510;0;100;0;0;0;25;windows;0;0;25;0;0;0;100;100;100;0;100;25;110
Nokia;Nokia Lumia 635;100;100;0;0;0;25;windows;60;100;25;0;0;0;100;100;100;0;100;25;110
Nokia;Nokia Lumia 820;100;100;0;0;0;25;windows;40;100;25;0;50;0;100;100;100;100;100;25;170
Nokia;Nokia Lumia 1320;100;100;0;100;0;50;windows;40;100;25;0;0;0;100;100;100;0;100;50;210
Nokia;Nokia Lumia 900;0;100;0;0;0;25;windows;20;0;25;0;50;0;100;100;100;0;100;25;160
Nokia;Nokia Lumia 928;100;100;0;0;0;25;windows;40;0;50;0;50;0;100;100;100;100;0;25;380
Nokia;Nokia Lumia 710 T-Mobile;0;100;0;100;0;0;windows;20;0;25;0;0;0;100;100;100;0;100;25;130
Nokia;Nokia Lumia 822;100;100;0;100;0;25;windows;40;100;25;0;50;0;100;100;100;100;100;25;320
Samsung;Samsung Ativ Odyssey I930;100;100;0;0;0;25;windows;40;100;25;0;0;0;100;100;100;100;0;25;200
ZTE;ZTE Orbit;0;100;0;100;0;25;windows;20;0;25;0;0;0;100;100;100;100;100;25;230
Nokia;Nokia Lumia 610 NFC;0;100;0;0;0;0;windows;0;0;25;0;0;0;100;100;100;100;100;25;110
Samsung;Samsung Ativ S I8750;0;100;0;0;0;25;windows;40;100;50;0;50;0;100;100;100;100;0;25;220
Nokia;Nokia Lumia 800;0;100;0;0;0;0;windows;20;0;25;0;50;0;100;100;100;0;100;25;140
Samsung;Samsung Focus S I937;0;100;0;100;0;25;windows;20;0;50;0;50;0;100;100;100;0;100;25;130
ZTE;ZTE Tania;0;100;0;0;0;25;windows;20;0;25;0;0;0;100;100;100;0;100;25;210
Samsung;Samsung Omnia M S7530;0;100;0;0;0;25;windows;20;0;25;0;0;0;100;100;100;0;100;25;100
Samsung;Samsung Omnia W I8350;0;100;0;100;0;0;windows;20;0;25;0;0;0;100;100;100;0;100;25;150
